Amy Diaz,287.566.6282,East Alexandraton,johnsondanny@example.com,ECE
Molly Pineda,(810)216-4123x765,Parkton,jnguyen@example.net,AGRI
Sue Gardner,9627052203,North David,ubailey@example.net,BIO-TECH
Tammy Lin,+1-342-925-6779x477,West Christine,william06@example.com,IT
Jason Flores,419-360-8693,Cherylton,hjackson@example.net,AGRI
Frank Duarte,271-635-8464,Brownfurt,rcampbell@example.org,EEE
Stephanie Newman,+1-935-452-7587x87220,Gregoryport,iwilcox@example.net,MCA
Allen Ramirez,(328)512-4056x2586,New Curtis,nelsonlarry@example.org,IT
Pam Hensley,(891)872-6597,South Nicole,spearskathleen@example.org,MCA
Daniel Chan,001-760-513-7162x28951,New Robert,colemegan@example.com,CSE
Ian Woods,(776)528-2579,New Williamton,cschmidt@example.org,ECE
John Johnson,(376)437-7351x271,New Michaelborough,morrisonstephanie@example.com,AGRI
Seth Vance,+1-221-478-4169x4626,Timothyborough,michael31@example.net,MECH
Kristy Edwards,(943)438-9768x20509,North Heidimouth,davislinda@example.com,BIO-MEDICAL
Robin Lawson,+1-331-505-2071x42637,Whiteton,evanschad@example.com,EEE
Ethan Sanders,(213)695-4213,East Eric,wrightmichael@example.org,IT
Robin Banks,251-592-3904,Port Shelley,vhancock@example.com,ECE
Jose Hill,(399)472-2216,Contrerasmouth,wjohnson@example.net,MCA
Jeremiah Jones,7976613332,East David,christopher54@example.net,MCA
Julie Mccarthy,(882)904-2186x42940,Valenzuelaport,marywalls@example.org,BIO-MEDICAL
Michael Sullivan,001-527-655-4546,Frazierborough,jeffreyrogers@example.org,BIO-MEDICAL
Carol Ruiz,871-465-5267,Fitzgeraldfurt,isabel74@example.net,CIVIL
Brian Garcia,916.246.4587,Lake Mary,flemingchase@example.net,AGRI
Kenneth Brown,576.672.2639,Derrickshire,connor88@example.org,MECH
Victor Cox,+1-895-465-7579,Lake Brent,tmiranda@example.com,ECE
Mr. Joel Delgado,+1-578-549-8551x39792,Robinsonberg,susanjones@example.org,MBA
Cynthia Fisher,(904)370-0315,East Robertborough,angelamartin@example.org,MECH
Benjamin Kim,406.563.4110x1784,North Deanna,rivasdylan@example.com,BIO-TECH
Jaime Brooks,889.937.6818x4910,East Andreachester,douglas15@example.org,OTHERS
Melissa Moore,+1-665-983-0758x0362,Harveyshire,heatherschultz@example.com,EEE
Steven Brown,+1-925-597-8025x10627,Johnshire,danderson@example.com,ECE
Courtney Vaughn,001-387-639-7248x5095,Goodmanfort,arodgers@example.org,CSE
Donald Bruce,001-570-371-8001x938,Brownborough,jason76@example.com,BIO-MEDICAL
Tyler Morgan,7828004495,Port Richardton,hallthomas@example.com,ECE
Keith Jordan,4052829918,Kellyton,gabriel84@example.net,IT
Debra Oliver,(767)255-5784x8612,Johnton,randybailey@example.net,IT
Ann Bentley,891-241-4210,Lake Veronicachester,jamieberger@example.net,IT
Walter Farmer,594.401.6333x7805,Jameshaven,wcooper@example.com,AGRI
Frederick Jordan,001-551-644-3360x35241,South Elijah,michael95@example.net,BIO-TECH
John Chen,(901)758-8105x8969,South Robert,careyelizabeth@example.com,OTHERS
Jessica Lucas,590.679.4201x268,Craigmouth,wilcoxdavid@example.com,EEE
Ernest Sosa,+1-611-878-0915,South Darrell,douglassnyder@example.net,IT
Kevin Thompson,+1-666-669-9141x77833,South Angela,janetrujillo@example.net,CIVIL
Andrew Mitchell,+1-401-327-5099x2460,Torresside,leslie96@example.com,ECE
Arthur Mcmahon,5823379684,East Katherine,brentsmith@example.net,CIVIL
Amanda Bates,285-452-9317x183,New Kathleenside,crystal01@example.org,CIVIL
Jeffrey Robinson,(570)340-5482x760,Olsonbury,vangbrian@example.com,MECH
Kevin Kramer,9027984915,North Mariohaven,gordonjimmy@example.org,BIO-MEDICAL
Robert Wade,491.686.7653x98684,Michaelbury,ashleyduncan@example.net,CIVIL
Dorothy Cowan,001-830-710-3271x8973,South Victoria,bgarcia@example.net,BIO-MEDICAL
Samuel Harris,7656732967,Port Kevinborough,njordan@example.com,MECH
Samuel Smith,001-748-416-0748x324,Laurabury,osmith@example.com,MBA
Mr. Martin Dunlap,802-578-5880x9761,Port Darrellview,estewart@example.net,IT
Nancy Sutton,001-341-612-3066x596,Hineschester,jenniferhuerta@example.net,BIO-MEDICAL
Michael Knight,001-539-992-1874x0434,Christopherfurt,stewartryan@example.org,ECE
Linda Simmons,001-612-992-2189,East Ryanfurt,michele11@example.net,EEE
Michael Contreras,+1-846-302-9948x56860,Blankenshipshire,wallaceevelyn@example.com,CSE
Troy Pena,001-398-505-6969,Aimeeland,mjennings@example.net,MECH
Jonathon Clark,+1-317-666-7512x425,Billymouth,johnsoneddie@example.com,IT
Robert Cohen,001-483-462-1942,Drewtown,sphillips@example.net,EEE
Kimberly Dennis,+1-841-943-9949x69512,South Michaelland,victoriaroberts@example.org,CSE
Gregory Lester,485-696-4380x4291,Garciabury,jamie97@example.com,OTHERS
Richard Taylor,924.973.5992x883,Beardfort,owensamy@example.org,IT
Tanya Bartlett,(338)251-9658x95290,Parkerville,stacylopez@example.org,MECH
James Gutierrez,(262)628-5058,Port Michael,jamesferguson@example.net,MCA
Margaret Cook,(573)425-1055,New Tiffanytown,iwilson@example.net,ECE
Michele Taylor MD,487.756.4452,Lauramouth,fcabrera@example.com,ECE
Lisa Wilcox,+1-729-968-4990,Port Matthew,xsnow@example.com,CSE
Christopher Hanson,861-373-6410,Lake Patricia,hardyanna@example.com,ECE
Adam West,909-968-3815x65631,Ralphton,susan06@example.net,OTHERS
Megan Krause DDS,(817)799-9789x2482,South Carrie,ryan49@example.net,IT
Alan Wolf,001-478-963-6160,New Daryl,mejiajames@example.org,BIO-MEDICAL
Victoria Jackson,556-351-7602x51674,North Jenniferstad,teresa54@example.com,CIVIL
Jacqueline Guerrero,233-485-6408,South Tammy,nataliereyes@example.net,BIO-TECH
John Walsh,338.257.1887x8272,Andersonhaven,yreid@example.com,IT
Julia Bowman,358-560-5875,Harrisfurt,amycrawford@example.net,AGRI
David Mckinney,(667)404-3530,North Robert,leematthew@example.org,IT
Emily Newman,(692)962-1945,Port Chad,wwilson@example.net,IT
Gregory Schroeder,(488)300-2980,Jermaineview,welchthomas@example.org,MCA
Michael Flores,574.279.0416x215,New Cherylview,parkerkatelyn@example.org,CIVIL
Brian Chavez,+1-239-373-4582,North Debraborough,deanruben@example.net,IT
Scott Pugh,603.680.6391,West Shannon,kdaniels@example.com,MCA
Dale Thomas,+1-977-312-7205x88383,Johnsonmouth,dianawhite@example.org,AGRI
John Bruce,938.516.3979,Phillipschester,ejames@example.org,CIVIL
Brittney Tanner,+1-670-635-8175x038,North Caitlin,peter02@example.org,MECH
Michelle Stewart,499.993.8505x965,Olsonchester,patrick75@example.com,BIO-TECH
Nicole Bradshaw,001-674-977-2089x2298,Oconnorburgh,theresajacobs@example.net,BIO-MEDICAL
Christopher Tanner,774.779.0602,Stephenfurt,nholmes@example.net,EEE
Stacy Ballard,534-411-9241x7185,East Kellyburgh,achambers@example.net,CIVIL
Anna Williams,893-966-2586,Jeffreyside,zjackson@example.com,MBA
Tammy Walters,(670)457-7137x00449,South Charleshaven,pagenancy@example.com,OTHERS
Rachel Ferrell,225.527.1161,Nancyfurt,robertbaker@example.net,MECH
Sabrina Warner,560-657-3407,West Zacharyborough,barry47@example.org,ECE
Joy Ray,(252)788-9685x06884,North Debratown,lisaferguson@example.net,MBA
Cindy Gonzalez,300.749.0648x039,Bakerfort,laura38@example.net,OTHERS
Rebecca Sanders,979.997.9825x8740,Liuport,arnoldlauren@example.net,CSE
Vincent Johnston,001-293-978-5383x2657,Leonfurt,ideleon@example.com,BIO-MEDICAL
Mary Stein,(404)802-8412,East Douglasview,johnwright@example.net,BIO-MEDICAL
James Taylor,(254)305-0909,Ericshire,jeanette10@example.com,AGRI
Willie Taylor,(595)614-4606,Lake Clinton,jennifer66@example.org,AGRI
